Model,Accuracy,Precision,Recall,F1-score,ROC-AUC
xgboost,0.913154533844189,0.9801136363636364,0.6365313653136532,0.7718120805369127,0.8435124168618554
lightgbm,0.9118773946360154,0.9970326409495549,0.6199261992619927,0.764505119453925,0.8276587359122068
gradient_boosting,0.9016602809706258,1.0,0.5738007380073801,0.7291910902696366,0.8245639650641111
random_forest,0.8739889314601959,0.98046875,0.46309963099630996,0.6290726817042607,0.872977065409835
support_vector_machine,0.8416347381864623,0.83203125,0.3929889298892989,0.5338345864661654,0.8185168583838578
decision_tree,0.7943805874840357,0.5492487479131887,0.6070110701107011,0.5766871165644172,0.7287960718566788
k-nearest_neighbors,0.7820349084716901,0.5201612903225806,0.7140221402214022,0.6018662519440124,0.8292107160141884
logistic_regression,0.7773520647083866,0.6233766233766234,0.08856088560885608,0.15508885298869143,0.6986156745906142
catboost,0.47126436781609193,0.27183833116036504,0.7693726937269373,0.40173410404624277,0.6236295096763917
